	SRR29733210	SRR29733211	SRR29733212	SRR29733213	SRR29733206	SRR29733207	SRR29733208	SRR29733209
Gene	STING WT	STING WT	STING WT	STING WT	STING KO	STING KO	STING KO	STING KO
SOD2	1.718942754793701	1.3841232324548438	-0.3928289064386673	-0.3891066961316563	-0.13389456214874057	-0.3701102445826891	-0.8141221132016417	-1.0030034647451314
PPM1K	0.9342498531075422	0.7045695182138058	-0.22126380341225696	-0.7674416277306312	0.7395033562585472	1.1276709700937861	-1.3132222615838676	-1.2040660049469203
NFKB2	1.1009277252879728	1.3831842479671834	-1.075367954143943	-1.2478998161991426	0.46177277645835296	0.23802881134105006	-0.9406374508785753	0.07999166016710729
GBP1	0.6663247940134122	1.0881585639062037	0.7780892410702859	1.0366770680060657	-0.5454111583686833	-0.5289734254910802	-1.2816223807505929	-1.2132427023856078
TNIP1	1.7798909160396323	0.9082402497394948	-0.037000266377353326	-0.09306600277809253	-0.24017170199658663	-1.6471981128866486	-0.3108765448242837	-0.35981853691617066
CCL5	0.7110777156312832	1.8766602331142797	-0.8244272202411398	0.38468835808964	-0.8244272202411398	-0.8244272202411398	-0.8244272202411398	0.32528257412935646
PLAUR	0.19203248758670025	0.6895333791702691	0.6966665433217692	0.8566428851990182	-1.9721516377232877	-1.082834471569108	0.22548398289332125	0.39462683112132735
IFIT3	1.3962602176082075	1.4525424196254857	-0.23692175972466117	-0.30420489920654625	-0.3672997403563161	0.3189206721655962	-1.0904398809919502	-1.1688570291198206
SQOR	-0.44404829729761613	1.4671352233443054	-0.8804739734258034	-0.7182551656739705	0.6576351521801908	1.3616801846617896	-0.5984317760610194	-0.8452413477278568
CXCL11	0.8357491517806919	1.9850674123230232	-0.6558655605758666	-0.6558655605758666	-0.6558655605758666	-0.6558655605758666	-0.6558655605758666	0.4585112387756176
IFIT2	0.9523683473423212	1.2496145582807752	-1.1847518705756543	-1.388126598763054	0.08333400690587027	0.9678951995377734	-0.2267363779677492	-0.4535972647602885
SDC4	0.46409839831509264	0.7733274937435868	0.12570417815425203	-0.004214078230830927	0.7079328695345081	0.9371161575771119	-1.1281513934584313	-1.8758136256353413
STING1	1.0040339987321891	1.0770529948291678	0.4691920002891681	0.4725586805646245	-0.06976319539377082	0.001958167584050587	-1.57089733556771	-1.3841353110377161
OASL	1.3433672756444557	1.2463141669726074	0.504517558776578	0.45427604419991524	-0.9460205826819986	-0.7403856827606169	-0.8842118774246835	-0.9778569027262579
IL6	1.552373796295333	1.283762870804327	0.4024699313158713	-0.09472032226719572	-0.9695018846398444	-1.1296259969312479	-0.45387498474256693	-0.590883409834677
ISG15	0.877293820868642	0.5953724399108742	0.7657024293946729	0.6782877707096108	-1.4067703652844215	-1.6743345083166938	-0.047375471071422405	0.2118238837887355
MX2	1.5390200022291276	1.4468843733536492	-0.32041069063113203	-0.5455944153733162	0.17781846863177614	-0.28772573449397043	-1.0447913065331176	-0.9652006971830167
IFIT1	1.4823701868326213	1.5582136835331872	-0.466811411601105	-0.4735723416750097	-0.3187491525610845	0.12334292289085917	-0.9791430946312227	-0.9256507927882462
ISG20	1.6019918152304762	1.160060880346774	0.11453842437818701	0.27272704377808604	-0.37817370826040553	-0.6665092350899167	-0.7373674020329416	-1.3672678183502593
SAA2	1.3682479282666666	1.5704552503151827	0.26906071924402575	-0.16101957247603607	-0.6781058584771715	-0.40337731223320106	-0.9134192130144065	-1.0518419416250588
BIRC3	1.545807343086409	1.5115207826637085	-0.10676133465494717	-0.2457804462672105	-0.5911230137417298	-0.1996482318452791	-0.828621729967411	-1.0853933692735434
RICTOR	0.6788410906247426	0.5008031975217822	-1.1465716979717548	-1.3253897818100828	1.002068099054274	1.161286094825768	0.05692824721560383	-0.9279652494603386
C6orf62	1.1251347480488076	1.0598378306820868	-0.9208895735894423	-0.7057035207018009	0.5719327788914269	0.9166629428936162	-1.0576102027890568	-0.9893650034356412
CASP1	0.2811371130356682	0.9453324248993688	0.40357286573742596	0.0544211783017117	0.24890211479427735	1.0911259129020843	-1.3795939325126503	-1.6448976771578818
B2M	0.8388343433799432	1.5222933071220817	0.18891729544815355	0.008548093547990254	-0.7192421845972125	0.6242052595041566	-1.2024409942386014	-1.2611151201665005
APOL1	0.655511568582147	0.8287962787292368	0.32988421606644186	0.3161965257346961	0.583398709556929	0.47619293169185517	-1.4962561915040995	-1.693724038857202
SAR1A	-1.1255593372793564	-0.3868382865215135	-1.0100791828499147	-1.0358327270301293	0.4609477987945486	1.2428958028557489	0.8451411642629689	1.0093247677676345
STAT1	1.3404387166927334	1.3211979303494625	-0.46624703057396916	-0.8569267336353726	0.1502691362242139	0.5571990794069483	-0.8229884279545885	-1.2229426705094215
EIF2AK2	1.3755327743704306	1.11092727500385	-0.6190592173292849	-0.9605579593581536	0.4167455511375932	0.5777256607417373	-0.5950569502687226	-1.3062571342974907
EXT1	1.4199798638655392	1.421357319005787	0.1407539143677951	0.1807343864558929	-0.9708714248360404	-1.2235551480861275	-0.4499414205375808	-0.5184574902352513
IRAK2	1.5588934038310918	1.5175366895593208	-0.03459427225233546	-0.05651452328628615	-0.8299841990251967	-0.6270663233679834	-0.6846012119803256	-0.8436695634782836
STARD4	-0.4291858932788577	0.1364603877411401	0.7956810643353099	1.076603846521741	-1.6875773092227941	-1.1427855866907297	0.8109591155465313	0.43984437504764484
XRN1	0.7344683745833317	0.8548089693575374	-0.9420756896858695	-1.1262584387367058	0.9242637722718237	1.1442762043142685	-0.5236021529284584	-1.0658810391759233
IFIH1	1.4805157460695189	1.392577726626755	-0.10297904567799022	-0.4505955581316542	-0.005504135246231444	-0.03384762765179143	-0.9751557095780323	-1.3050113964105636
NFKBIA	1.348474811488846	1.3446136470969017	0.4339060624698319	0.32740993595625456	-0.7726861705981841	-0.6672023459824489	-0.9488715001815685	-1.0656444402496308
NCOA7	1.4841091927676944	1.5235031831545136	-0.05876889300684736	0.019844932930803826	-0.5636118084273699	-0.4295626619799069	-0.8902881950663056	-1.0852257503725917
SAT1	0.7814008879921993	1.3677550735657042	0.26514800431630214	0.00873963663879431	-0.358890601229031	0.7011352206957738	-1.4299533536293405	-1.3353348683503843
NBN	0.8013024572660253	0.9035932450349995	-1.1108688356959846	-1.162819815035577	0.6523089251794596	1.2132013456195907	-0.31885010196359687	-0.9778672204049278
CD55	0.967149979906863	1.1001069551743388	-0.25609859046591643	-0.45708794310330697	0.3091057579785808	0.9864846611554052	-1.345080586008798	-1.3045802346371722
C5orf15	0.8366196100557152	1.6417267574099323	-0.3896739803649152	0.2004674208841858	-0.3106138052539842	0.4915858863859217	-1.1257309881699153	-1.3443809009469347
SEMA3A	1.2165600974355444	1.1325529410619233	-0.3221245639890972	-0.47829829769386056	0.2561680659463597	0.7005452121823663	-0.9287704381721366	-1.5766330167711187
NCF2	-0.745388275845684	-0.5133568600103818	-0.5967434664680261	-0.7092206728986198	1.2706785745490292	1.8412130227452228	0.015692992639018785	-0.5628753147105584
ERAP1	1.0629679320134353	1.433174449850487	0.030133418587199857	-0.22047646131549375	-0.16999192427409218	0.46572368043725654	-1.0392177908676286	-1.5623133044311739
PRRG4	0.40674770298777047	0.9897444770884929	-1.088943861060678	0.1978762966618851	1.1230302996403818	0.6306758772551854	-0.6717317311706453	-1.5873990614023819
MASTL	-1.099089531439609	-0.76801457983568	-0.24817479390088829	0.2003126761360719	-1.1869671471483132	0.8315300805132596	1.5949521588634208	0.6754511368117323
NEK7	-0.998298830278654	-0.4413328453523336	-1.3738120811851045	-0.6627959874128314	0.8021461719255354	1.3642193744388387	0.8994247467716424	0.4104494510929014
SMARCA5	0.4875732750297662	1.1559225433038252	-0.7708666483352409	-1.5775230634069035	0.5838865637446794	1.165527492711616	-0.3004359065929598	-0.7440842564548239
SH3KBP1	0.10635642271790265	0.18383222794891654	-0.26584655284827097	-0.5115860471730593	1.323292737224858	1.4794495674976669	-1.1882314838093477	-1.1272668715586696
CD2AP	0.40896097883707355	0.5021504948814972	-1.259466114019231	-1.129782938481434	0.992671907768994	1.3890654767023116	-0.0075113151160494905	-0.8960884905731777
LIPA	-0.9486295410519775	-0.15176276740952854	-0.6509202236288647	-1.0259804354671331	-0.6496431102381669	1.04449375564973	1.544575076668995	0.8378672454769355
TOR1B	0.7860046012414338	1.583830955172473	0.7096262519162732	0.2426589248804979	-1.2052244862352637	-0.2636316104760465	-0.7370790192557457	-1.1161856172436502
TMEM154	-1.4184843836341112	-1.2923939446311876	-0.34153224711481944	-0.3098149728859475	0.5760690527159684	0.6068575443248787	1.2125045935694756	0.9667943576557537
BST2	1.2761402870480876	1.4351339070940818	-0.7693719647641467	-1.164539455125497	0.2898795854272169	0.40561464408665554	-0.8600488550937473	-0.6128081486726507
SP100	0.8478201648170337	1.2307769644643074	-0.759210235422124	-1.0995005496699457	0.1980817385976766	1.2361878527698131	-0.6761232071560546	-0.9780327284006929
FGF2	1.275330988616812	1.107745442976047	0.3883259398360627	0.5303156972983482	-1.4596259395378794	-1.1624334100489897	-0.310917205835796	-0.36874151330461097
IL7R	0.4000033813169434	0.5249901401647937	0.8140037240893099	0.6494997037630412	-1.781370394258189	-1.4063505355686758	0.4683467111448902	0.3308772693478744
SERPINE1	1.387285309941044	1.4786525781512136	0.13767928955273026	0.1905802523542966	-1.1850963163297397	-0.8813545253816853	-0.6549895399589128	-0.47275704832894333
DDX60L	1.023972167775046	1.0857950889064312	-0.7443778776989582	-1.0049914903191428	0.6777361577177878	0.8778326354601736	-0.690548203188943	-1.2254184786523945
ENPP1	-0.6677601876747948	-1.1035924679712412	-0.34357553604706936	-0.6692930002313625	1.7511389401307929	1.2417310786309144	0.1602808600684872	-0.3689296869057214
RNF149	-0.4394500190136485	0.5355452703481716	-0.7437173644594313	-0.8364814036044477	0.7599305640093625	1.9307890877123397	-0.9452554870401163	-0.26136064795216296
C4BPB	0.7983504566435293	1.6584323543251216	0.21748487260025212	-0.3127997192624199	-1.1614191642305083	-1.4285194711831508	0.2745998608619335	-0.04612918975476018
ZNFX1	1.2390531209043967	0.9817810027801143	-0.9994015139966731	-1.0363613134532161	0.7337190807288669	0.5811353475022989	-0.28787266705640535	-1.2120530574093822
PXK	1.4570438040352958	1.09974126891524	-0.22637434925042824	-1.519481577857047	-1.060527092078238	0.4006531845116848	-0.1492614421942062	-0.0017937960822988774
CD274	-0.02968650599004175	-1.187137862890745	-1.1840251048383905	-0.19852107838342603	0.35086923810074505	1.9980846780953558	0.09613522430089207	0.15428141160559547
BMAL2	1.0855380039505025	0.5238323438637223	-0.6212268341561878	-1.0587715361892667	0.7336244808363088	1.2509800105127904	-0.7273383432681648	-1.1866381255496952
APOL2	0.19885463055171457	0.38955505963247067	1.2365624541168228	1.2400993428694536	-1.1007543956023529	-0.5749650158279977	0.09093709983209183	-1.480289175572242
GTPBP1	1.0521364814955911	0.8897495430869302	-1.1648676832200577	-1.0407356323058081	0.9649565996286933	0.7878899610263127	-0.7266428839337205	-0.7624863857779441
NECTIN2	1.6323770349356348	0.17682441650318337	0.13203766347943938	0.6182775253033712	0.5599681166601045	-0.6134741135375621	-1.0601091750841256	-1.4459014682600528
SYT13	-0.5398184388891017	-0.5398184388891017	-0.5398184388891017	1.6756036596882387	-0.5398184388891017	-0.5398184388891017	-0.5398184388891017	1.5633069736463723
UBE2L6	0.7591823728581112	0.9575752793960227	0.0872986739441236	0.1912386396266038	0.3132681056634605	0.7764145956350824	-1.503769977649585	-1.581207689473817
KRT17	1.2487663684282466	0.9851388614680958	0.22873152563921786	0.29638321123581285	0.2255627970617974	-0.06292787634155378	-1.401452667353971	-1.5202022201376424
SCN3A	-0.540019939352644	1.5967879204387292	-0.540019939352644	-0.540019939352644	1.6433317156771354	-0.540019939352644	-0.540019939352644	-0.540019939352644
PSMB8	0.7726168380845028	1.0514376581692162	0.5093646527823704	0.1849330653390514	0.07314695586403375	0.4811691298390078	-1.3840678791233683	-1.6886004209548435
THEMIS2	0.8706090844787572	1.4132694482245634	0.06975245958021886	0.27720138171378955	-0.9854623794719908	0.4691314205245249	-0.45052804893424564	-1.6639733661156122
GBP4	0.5128255398366823	0.6876530452152047	-0.2828426366090376	-0.5469673666216158	1.0252256108351983	1.1854933889994137	-1.0707995594036903	-1.510588022252155
IDO1	1.0722642475794952	1.0360705014001526	0.19559175105310883	-0.0486974999306239	0.2120488424322761	0.506980094082821	-1.561563690627307	-1.4126942459899212
PRKD2	0.27552961724140834	-0.38748512041489624	-1.4737448992929587	-0.16977281925476428	1.654141274122426	-1.0663625195978277	0.488651879691335	0.6790425875052818
DNPEP	1.2611585489333905	1.414286789443712	0.3927003078790338	0.2977804230023728	-1.2220480544058248	-0.6036772523187941	-1.0175356382799996	-0.5226651242539003
IGFBP6	-1.0810438357507155	-1.3943217947718427	0.06901219571564092	0.30105182111999734	-0.08808255188359392	-0.4562592001971056	1.1437414533397776	1.505901912427842
OAS2	1.5782338002636762	1.4078486836016428	-0.3007684264929585	-0.3223099964900525	-0.3303663564963964	0.07137732806521728	-1.0014185118998429	-1.1025965205512847
PLSCR1	1.3081483645301906	1.5512307547785487	-0.3692592459027999	-0.37753497146199844	-0.5094896005064891	0.4575319858145087	-0.9543584696965515	-1.1062688175554218
CMTR1	1.1477990073588902	1.3060384565249235	-0.14236829536574613	-0.31064118252432077	-0.4376205340271289	0.8546314440614328	-1.1218125813942184	-1.2960263146338526
HIP1R	0.43807693667027875	-0.14752135304438657	0.9844770704902593	1.5621035727834056	-0.7551746756468635	-1.645662491356227	-0.25871498632048057	-0.17758407357597347
CXCL10	2.189362003120148	0.8293883631709132	-0.5031250610485103	-0.5031250610485103	-0.5031250610485103	-0.5031250610485103	-0.5031250610485103	-0.5031250610485103
HERC5	1.2693424054098223	1.4188911865501015	0.5435555927672802	0.15625144672004668	-1.0638495827370247	-0.578494866029567	-1.053804765302543	-0.6918914173781152
CCDC71L	0.9107821991290298	0.8478665499430568	0.2457887926129539	1.1865986207148667	-0.5975485700913036	0.01238095589092644	-1.6425492436212135	-0.9633193045783074
MUC13	-0.3728372416115228	-1.1498136896975488	0.03384425035927026	0.04150794011213859	0.28042981623840785	2.214467985077745	-0.474752138109877	-0.5728469223686133
CEACAM1	-0.22587196036489446	-0.07616639662253462	-0.46595966563662844	-0.7161987328428626	1.411688720200439	1.6997993678885446	-0.8723824869248995	-0.7549088456971593
SLIT2	0.17528352198536143	-0.1041703452731159	-0.45018532866559935	-0.6687055220832442	0.07000139443893545	2.19883241096136	-0.009139208124723823	-1.2119169232389737
ODF3B	1.7200663927946978	0.7955442548816973	-0.05342940448053989	0.10843638842501246	-0.13634309933115127	0.14927414295681113	-1.380187295187179	-1.2033613800593488
PSME2	-0.1658890749013504	0.7545386040801998	1.250591613775869	0.7849877921066127	-1.726566232408738	0.48449264904633327	-0.8523636045429418	-0.5297917471560467
C1R	0.9876496971764875	1.3607264290653052	0.26869463381676795	0.3649622166728263	-0.24963353519717665	0.056027050519367703	-1.4792436876099604	-1.3091828044436162
PLAAT4	-0.0229336139266851	0.10927289240036296	0.5005883809729808	0.3598526250569727	0.7987815424983986	1.2349784289178674	-1.4555061789243369	-1.525034076995556
PDLIM7	0.29640547579103377	-0.8979250711276563	0.843961149349563	1.135798765929778	-0.7587722088608461	-1.710218094070727	0.4816719878726986	0.6090779951161646
CD40	0.3382093105554109	1.6913132425638537	0.23887660383911385	0.9825373022455227	-0.3472195232642758	-0.755850271390751	-1.028679817611677	-1.119186846937196
DDX60	1.352018915628221	1.2919207448779033	-0.26989978659079433	-0.5433832796695549	0.24269569993081197	0.34049447089151547	-1.054102298870917	-1.3597444661971838
AVPI1	-0.5647366842221606	-0.8975333712219272	0.33324049573224424	0.024627139440474986	-0.8814618672971648	-0.7742334435175576	0.8422903649545307	1.9178073661315866
HELZ2	1.7896148637806617	0.30146956936931046	-0.7058994606362083	-0.5659569437557708	1.1569376731814498	-0.7820777807191629	-0.26184252054421614	-0.9322454006760647
CCND3	-0.1532961789345982	-0.4688550078117406	0.716979144425473	0.7612219036777699	-1.4757291839967603	-1.2880210364430447	0.8958750204129688	1.0118253386699292
PSME1	0.28946569907830216	0.5327979357477622	1.2327547511284311	0.7499855567332661	-0.16405228136041317	0.3115006137553289	-1.6602646596933601	-1.2921876153893428
MVP	0.9818144895005017	0.606370478090497	-0.5544448189443394	-0.423296717766096	1.381456218127313	0.4531518878057507	-1.0239564377945938	-1.4210950990190183
IFI6	1.642501957963251	1.5032526581369816	-0.14855154734000095	-0.19691617278315726	-0.5742876531422713	-0.7454676900977844	-0.7347886551363624	-0.7457428976006562
ICAM1	1.267651890206135	1.2181554933973215	-0.2773918736196261	-0.4551533433323911	0.4758657439616007	0.3111985260035279	-1.0763551553742672	-1.4639712812423007
OGFR	0.15192667283174027	-1.6390864989992562	0.6987213782240538	0.8312979579815941	0.21373427225966174	-1.5009961272475538	0.760232988264128	0.48416935668567523
MFSD12	0.06977320006167136	-0.16248051388172233	0.7001682031424518	0.9683940477754573	-0.8773076387585336	-1.9856110027917204	0.6513740971927539	0.6356896072596518
HLA-B	1.1192293890563092	1.2194481519872573	0.08859500614940115	0.07302229018880403	0.0998315286342892	0.2819136918572776	-1.4888286994324365	-1.3932113584408987
LY6E	-0.23791525050377058	-0.6889999326972492	1.5239788491717914	1.4625135062406365	-0.376795355492214	-1.34304831609877	-0.12653551075079414	-0.21319798986962105
CFB	1.1119797068251094	1.2528484169660283	-0.22384940140720777	-0.11350606977258776	0.2948441177414853	0.4443328917490295	-1.284989068308396	-1.4816605937934595
PLEKHA4	0.6475422881208791	0.43806050141466685	0.4601339776269713	0.3468084227742053	1.0417021450081918	0.1950559592225402	-1.4280264606519812	-1.7012768335154747
HES4	-0.496313382772946	-0.9368846698662358	0.3776201322444559	1.4791628895914573	-0.11272423946931215	-1.6212202095278332	0.5038231772204648	0.8065363025799337
GSDMD	1.1950008178703364	0.48155027204819373	0.6278601324923344	0.68654877667708	0.502902179014564	-1.2309850192865865	-1.4016085025475151	-0.8612686562683955
TENT5A	1.2606087628083695	1.5653123695688553	-0.9080593188467053	-1.080256468609246	0.1318196967104048	0.3093395388697491	-0.5007277566653272	-0.7780368238360974
APOL3	-0.11591813564590964	0.2489800896333923	0.09876282405003046	-0.689177522491429	1.5735907527430602	1.1583448427732475	-1.269650676816006	-1.0049321742463861
TRIB2	0.8694416062449777	0.6688597989760775	-0.7920619609402093	-0.3194909145094918	1.1852001902416918	0.7465383170604108	-0.7767439741822086	-1.5817430628912426
IFI44	1.370529864031264	1.420415768157489	0.10345601994366434	0.08560111782269125	-0.5169861388517382	-0.09779195108631832	-1.1049772609850796	-1.2602474190319735
SHISA5	1.6063877504452138	1.1243476068078577	-0.2185385609804085	0.0018813831764639306	0.3191932308746232	-0.497572381150257	-1.2911188162929053	-1.0445802128805879
TNIP3	1.3909944960848104	1.4783068233986787	0.29194551839807636	0.1386432411856511	-0.7675206214510878	-0.670345009747887	-0.8905693318551964	-0.9714551160130457
GDA	-0.17416195986969835	0.19612018326232558	0.9065709313046186	1.1674835799572278	0.2320679987892811	0.5929715425022568	-1.2674306734858956	-1.6536216024601127
TSPAN13	-1.3206770202686027	-0.1887474191405714	0.28169190831434776	1.3804957498667487	-1.2558818428327347	-0.49035269122976344	1.0685879999306775	0.5248833153599183
LINC02015	1.6835102842511471	-0.539742828447737	-0.539742828447737	-0.539742828447737	1.5549466864352754	-0.539742828447737	-0.539742828447737	-0.539742828447737
SPX	0.9273504961137158	1.2671106867745034	-1.4537933290319507	-1.440891321228723	0.4055625616569395	0.28511517208505566	0.22720432637449603	-0.21765859274403837
LAMB3	1.0232658620978257	0.238259347756579	-1.1955103649288041	-1.1611847709868257	1.4544564368304898	0.6718979916565885	-0.4155843095370727	-0.6156001928887503
FYN	-0.030826925007298268	0.08811853713456369	-1.2621147872045466	-0.9199598296047505	1.2962358150631148	1.5965981890529926	-0.5017556265656937	-0.2662953728683901
NFKBIZ	0.9605338674790181	0.8765261986160124	0.06553065764725359	-0.09647802507146987	0.12041930532562521	0.9985648142753973	-1.4089478465630314	-1.5161489717087904
CA9	1.58932987758562	1.40083181082545	-0.5893412887336026	0.13705482964292642	-0.11632087804002508	-0.4632921811961451	-0.9753866330417919	-0.98287553704243
ENO2	0.13610538752232135	0.6158648778600877	1.0521776649210242	1.174014574838963	-1.7371298815974658	-1.033921598678588	-0.169646847528252	-0.037464177338105885
TRPC4	0.8323410504565038	0.6479953638948571	0.8079528615860627	1.2772063879247604	-0.38868132051511406	-1.1756204246432718	-0.8165843262115433	-1.1846095924922502
EPB41L3	-0.35355339059327373	-0.35355339059327373	2.474873734152916	-0.35355339059327373	-0.35355339059327373	-0.35355339059327373	-0.35355339059327373	-0.35355339059327373
PTGER4	0.4332435841470113	-0.09347434493236137	0.6927162797836555	1.042119206922174	-1.163635229642994	-1.812136997212996	0.7618355626840823	0.13933193825142884
CITED2	-0.7559598866774414	-0.6847602790052189	0.30265860128867944	0.823576858730218	-0.6269935431944429	-1.4035066674273835	0.9758736119743142	1.36911130431128
AKR1B1	-0.9318777526754767	-0.4543487900971947	0.8001228996342648	0.8645915104180345	-1.6622207316416218	-0.40314869718621504	0.8054737234259637	0.981407838122255
SAA1	1.3270551751245279	1.3601476445896026	0.40183968469929165	0.24277294709807845	-0.6441015776260582	-0.5297079736961731	-0.8101563407361387	-1.347849559453131
CCN1	-0.1637105285137737	-0.27469078452008505	0.9289227633046704	1.0568266111293307	-1.5197023948068047	-1.3273303958685534	0.6176530555188329	0.682031673756383
SP8								
PFKFB4	0.7955402460932421	1.209896758931079	0.19533506561893238	0.8778397903282986	-0.9303309867977521	-1.7436162453783666	0.028878603583557788	-0.43354323237898984
FZD4	1.0117517539966085	0.8848166271598896	0.8334904668713569	0.6670199631521904	-1.5948916785316085	-0.9783684540195424	-0.08509667946303587	-0.7387219991658608
CYFIP2	-0.11417767519225419	-0.44159347720144554	-0.1344632958817109	-0.11526232083431862	1.8775180628847679	1.0120452030375813	-1.1827754379213564	-0.9012910588912644
PDE4A	1.0906475881613462	0.49936429831986795	0.39122262276560593	0.6778199677008181	0.6682859323813034	-0.38323261380463636	-1.5751785972478505	-1.3689291982764549
S1PR3	-0.31513489790145	0.11955961468518375	0.9622836481563811	0.8133370852221472	-1.5306675432902834	-1.3284696216757326	1.0714463029427346	0.20764541186101812
GK	1.0455167795385034	-0.45016043049812876	-0.45382097229191815	-0.41917653794455473	0.9915044678534374	1.3951132565383875	-0.7635633554870996	-1.3454132077086283
ATF3	1.465789634449218	1.5386111239817404	-0.31071278561770327	-0.32837671308588956	-0.5211982145345679	0.10442473298900262	-1.1965423869069798	-0.75199539127482
ARFGEF3	0.43847579230771766	0.23742037540283234	-0.9871167185669425	-1.3326478556091306	1.4429636565381028	1.0833013262564535	-0.019284146867788583	-0.8631124294612457
ITGA1	1.1858478587908792	1.5382797996240551	-0.2757302872923793	-0.2771680786123034	-0.07124345726250629	0.3326337793400937	-1.2103590620397735	-1.2222605525480648
TENM2	1.825059882548998	0.8382495890909591	-0.3198147442588165	-0.42152469254374925	0.5115527994348186	-0.26696693981303765	-1.0258772549035984	-1.140678639555576
ZC3H12A	1.472095816214565	1.2905465825236022	0.37348053267706977	0.2796750596327407	-0.953539542283899	-0.7099290769558775	-0.8521697667167437	-0.9001596050914635
LINC01895	-0.3535533905932738	-0.3535533905932738	-0.3535533905932738	2.4748737341529163	-0.3535533905932738	-0.3535533905932738	-0.3535533905932738	-0.3535533905932738
RGS2	-0.31696236301603214	-0.006606316278451614	1.0534690921026584	0.5190689370522612	0.565523284314484	1.0449815387205814	-1.329332272092425	-1.5301419008030839
ADAMTS1	-0.45960700400547344	-0.44006303862811613	0.9683516433758852	0.940519109637571	-1.4878900600998257	-1.1223064856246776	0.8949497891883242	0.7060460461563189
SLC16A6	1.234537103988788	1.6094118931838284	-0.9311143575654415	-0.37863176939641396	-0.8103878481362151	0.48870538061902113	-0.25646650760306827	-0.9560538950904985
PRSS23	0.24766653184615398	0.38637368848749454	1.0615616506270358	1.0925969699946847	-1.6357714081200738	-1.3285882426457207	0.009708690147274523	0.16645211966314585
ITGB3	1.7217300734161236	1.4069311232062363	-0.11349941321348657	-0.25503121603662343	-0.6791087720678954	-0.4900756887563269	-0.8708045503901112	-0.7201415561579165
HSD11B1	0.45084515200524095	1.730425029224189	-0.3605180955581383	-1.8180456551341764	0.24429880190360329	0.26312051979532697	-0.02260200664251526	-0.48752374559353
PLAC8	-0.7285775918844263	-0.7491810039639031	0.10955537681256695	-0.21826385206446774	1.2265112108371115	1.8110012323332976	-0.6498937349912709	-0.8011516370789115
F3	-1.3573704166328122	-0.9738558315402771	0.6823246671648704	0.7464819752828161	-0.8930050588977987	-0.33578002203787516	1.0149806387886042	1.11622404787244
CP	0.7546685817474245	0.7863413841520718	0.003376554962978657	-0.14362297302958185	0.798739205059942	0.7906572085585694	-1.3250032875709499	-1.6651566738804542
