	SRR29733226	SRR29733227	SRR29733228	SRR29733229	SRR29733222	SRR29733223	SRR29733224	SRR29733225
Gene	STING WT	STING WT	STING WT	STING WT	STING KO	STING KO	STING KO	STING KO
SOD2	0.8624849365179438	0.803637246339441	0.9814559416535761	1.0761403387884643	-0.8449385185211266	-0.9425563633918985	-1.0460176299836796	-0.8902059514027253
PPM1K	1.3637186730459485	0.9912308078631608	0.3475505649118064	0.7550602495462612	-0.4871879194300455	-0.5657301525483164	-1.2979001499828602	-1.1067420734059565
NFKB2	0.39051160554110886	0.6243890805516527	1.3204827150609153	1.1939224974069815	-1.1339334991571965	-0.9361628704901129	-0.5540184520552542	-0.9051910768580993
GBP1	1.1389859238747277	0.6447465815395665	0.7953846993066944	1.0853600398071617	-0.8494593358668178	-0.9010494785034499	-1.1928451625498306	-0.721123267608047
TNIP1	0.8653386866078141	1.0019577230120746	0.9342754668490282	0.935420599144079	-0.8880460597499331	-0.9617731161415513	-0.8933747452145795	-0.9937985545069279
CCL5	0.8271406026610872	0.8321687116593174	1.0337763083986742	1.035945176218002	-0.9586232816960404	-0.8965126925713877	-0.8980675736272855	-0.9758272510423661
PLAUR	0.5795795877370884	0.6824888268669674	1.1961528258323693	1.1539497398074505	-1.1265706275576426	-1.0391193295130021	-0.5803578973739356	-0.8661231257992965
IFIT3	0.9524702674779992	0.8130810037830103	0.9143562122858191	1.0496053710655817	-1.0020861253218005	-0.9661591373872069	-0.9321561526444875	-0.8291114392589154
SQOR	0.698401431278873	0.7308490592555471	1.1200859489061517	1.135192384620073	-1.0097366551940383	-0.8796257469375816	-0.7746604677315584	-1.0205059541974666
CXCL11	0.6509399194335823	1.1547127492549587	0.7294068803617122	1.1226891470944613	-0.7448036266812188	-0.7591616378088227	-1.0768917158273368	-1.0768917158273368
IFIT2	1.084874466478842	0.922914837733735	0.8024341742768466	0.9175980678066346	-0.9637073592243568	-0.921634706904256	-0.9915286139209043	-0.8509508662465429
SDC4	1.0225417590357713	0.92427972061924	0.8760981244073263	0.8975466327966986	-0.7231374997488318	-0.9206729861533436	-1.047309035722696	-1.0293467152341893
STING1	0.3122711960442861	0.537437705701553	1.3408271061598254	1.30627806224843	-1.0118226211600034	-0.7375053478168412	-0.7873870535950567	-0.960099047582192
OASL	0.8836925998363084	0.8846948093822578	0.9551023568537694	1.0145403721559434	-0.9302305795779345	-0.9577215488107444	-0.9034058479574808	-0.946672161882119
IL6	0.47512253068411475	0.44092207911775977	1.290723116030041	1.317475005059455	-1.0454699578542848	-0.9545958762956108	-0.683598246194222	-0.8405786505472531
ISG15	0.09129501693330583	0.2984431089871418	1.3342273730861987	1.4133107500452724	-1.228781046126391	-1.1487415708005604	-0.4384606223866822	-0.32129300973828134
MX2	0.9880758416494617	0.8302202888606283	0.8360096327153449	1.0724808775571049	-0.9794565682262106	-0.9155159718073947	-0.986748249076776	-0.8450658516721593
IFIT1	1.0912856985681727	0.8534292191593006	0.7159181922559982	1.0430792439316354	-0.898851038097235	-0.7730205649179701	-1.0884411444693411	-0.9433996064305564
ISG20	0.3044973841680682	0.5301563809733542	1.333943966700303	1.2500514801533293	-1.126850452694409	-1.1684213097319152	-0.6570606245907458	-0.4663168249779889
SAA2	0.9738413997534596	0.9340012855080989	0.9182087459986967	0.9074959437692633	-0.9727024600786758	-1.0480086730115294	-0.8813388674310636	-0.8314973745082489
BIRC3	1.1668326847181916	0.9691883213045611	0.5893819958911779	0.7975510628786753	-0.464693772766457	-0.5445091770535336	-1.4048853010577111	-1.1088658139149008
RICTOR	1.0562793954806742	0.518792726264131	-1.0252402631047324	-0.24741414045514828	1.138847565246777	0.6274554868155707	-1.6141532854080738	-0.4545674848391985
C6orf62	1.320521281433023	0.40504322483701294	-0.9998441499882079	0.0738314017600631	0.9396460166009684	0.3397762519661949	-1.7205065033240228	-0.35846752328503145
CASP1	1.7291837259957006	0.6184850049883136	-0.2754286083740075	-0.1923579382586174	0.041279197748009304	0.561780204377029	-1.0019535553297074	-1.4809880311467158
B2M	0.838795131325157	0.8052001496940687	0.8557176907155709	1.1841448607537586	-1.0045973730614162	-0.8345994440582001	-1.15305153441323	-0.6916094809557447
APOL1	0.4996459971644765	0.15884341738567903	-0.7750987406007536	-0.7417752484753105	1.4753884872532148	1.26962149769424	-0.9968216483343265	-0.8898037620872445
SAR1A	1.4081396722306037	0.6987056474396035	0.2525488424507397	1.07500093918425	-0.577459729090039	-1.2032789881268873	-1.1104788260551866	-0.5431775580330547
STAT1	1.1776086038206919	0.9000386764681408	0.5640089988291678	1.0048121986850262	-0.7389446583184435	-0.9033760018080382	-1.231184150243561	-0.7729636674329812
EIF2AK2	1.4709123454805109	0.9746190754534871	0.08891869107920006	0.5934362582235301	-0.16565108274230222	-0.48071332503865	-1.5481371321562518	-0.9333848302995051
EXT1	1.543875272982829	1.3660316297719663	-0.16894519432457997	-0.09286131739887785	0.11103395162898662	-0.5958124935768283	-1.1361551797556033	-1.0271666693279344
IRAK2	0.8125189493967315	0.9107646914799389	0.9786745232002348	1.019148540451979	-0.8243835079665989	-0.991830952693149	-0.8178931092329351	-1.0869991346361985
STARD4	0.8079801840076836	0.3582908644056938	-1.3288389303488535	-0.4100857044162979	1.3221658412803572	0.9025420387206444	-1.2487954952543396	-0.40325879839489
XRN1	1.1357882642750248	0.4573998887524123	-1.320149156295677	-0.8979519545028677	1.011715098751134	0.811620076838831	-1.1242141359439763	-0.0742080818748917
IFIH1	1.144744055697519	0.8999233132823828	0.6980279832393657	0.9065992025914644	-0.6726647932187987	-0.7330535584439839	-1.3004936756084713	-0.9430825275394772
NFKBIA	1.0703456166799703	1.0862779616963016	0.709448899734641	0.766390647486969	-0.6340213349661867	-0.6487999975789389	-1.1881497564910501	-1.1614920365616954
NCOA7	1.6344085167721243	1.3560033870377428	-0.5017560657439666	0.022875733728500165	-0.18610030662539426	-0.5937561154506085	-1.2848555369463017	-0.44681961277209264
SAT1	0.898815815511318	0.5413813063109629	-0.4751941186384932	-0.16371190628832882	0.6671929947365507	1.2360370963367586	-1.4424652182628321	-1.2620559697059457
NBN	1.5926342014958574	1.1363686760192877	-0.0635521795413815	0.1912983425385592	-0.12836540181880404	-0.48831751747691554	-1.5487922057208245	-0.6912739154957787
CD55	-0.13186001056549912	-0.36110535350264084	1.479607202779893	1.5338888489349425	-1.064783166843261	-1.0428839256494646	-0.1642113226402442	-0.24865227251372166
C5orf15	1.0407252663251936	1.0379346552056734	-0.9253489593527078	0.5870404120459084	0.26841003664717844	-0.05349764606006078	-1.886549174766826	-0.06871459004436824
SEMA3A	1.4034081050997191	1.0012717801368853	0.4379237366116206	0.6863995270830281	-0.6280897136579136	-0.8320053828671313	-1.297188771522254	-0.7717192808839654
NCF2	0.3956535169264291	0.4152524582704944	1.2813562945047567	1.3814822508162086	-0.9549696063936385	-0.6479034593125561	-0.7960967778664755	-1.0747746769452189
ERAP1	0.15422017763096643	-0.5918005355996595	-0.9586078024855818	-0.7856230251851262	1.4897012905958273	1.507470027129381	-0.7722167005491894	-0.04314343153662961
PRRG4	-0.06945604153675332	-0.1890024299032546	-1.587833755928644	-1.0242510652271868	1.3612487479212583	1.1145666734970687	-0.13125863604132973	0.5259865072188399
MASTL	1.4938329739235698	1.1470467976941092	0.014903116156688611	0.5681246812286387	-0.9040658125673224	-1.1955383039369885	-0.916470069933553	-0.20783338256515527
NEK7	0.3954378667344849	0.2081542675363251	-1.8187079326908335	-0.8378379884059416	1.0725775278125693	0.6378963859550641	-0.5951310803752186	0.9376109534335577
SMARCA5	1.6500009777532187	0.8907920836334013	-1.144097005635851	-0.7535947348463516	0.5743112073582101	0.13556898037424914	-1.0909973657028584	-0.2619841429340452
SH3KBP1	1.1834389003786745	1.1856572870671498	0.611970807253115	0.5916358032032664	-0.7490192422099707	-0.8924864701455573	-0.6142974198549737	-1.316899665691704
CD2AP	1.0573863121694405	0.6929348440704749	-1.4618019631764627	-0.40732782496899356	0.9024358175598414	0.5634864053453364	-1.401474958763151	0.05436136776351805
LIPA	1.1032958571477987	0.3232429840691875	0.3661927987270063	1.4740702406745771	-0.6750048887790009	-1.3123142790056113	-1.0727157272465864	-0.20676698558736178
TOR1B	1.4576484676550274	0.5622542588859174	0.6063746193903694	0.8985367656764326	-1.141287537684994	-1.0944986018461218	-0.4820153625391044	-0.8070126095375598
TMEM154	1.5106025869895978	1.187442726158646	0.05160647867771302	0.2082491548363197	-0.044733442713734826	-0.44700937044322764	-1.3311663474097986	-1.1349917860955134
BST2	0.1740894864637829	0.21946229621173252	1.343945223695808	1.4481839866333241	-1.1583031863716489	-1.1277138425718796	-0.44908318089943633	-0.4505807831616664
SP100	1.2283149420787183	0.7171397508128964	0.3795372319405023	0.8062626863511381	-0.06123094347072744	-0.24282198875848085	-1.6621954267428372	-1.1650062522112137
FGF2	1.2024892364882613	1.065089901824731	0.4209579842558282	0.8990596943584338	-0.7219698806350485	-0.9484472973406233	-1.2548224225515439	-0.6623572164000397
IL7R	0.57451911056	0.5493414747845995	1.1777471491033698	1.240486043513528	-1.1808262884518848	-1.1415663817350332	-0.588662812739055	-0.6310382950355233
SERPINE1	0.6641589422812942	0.7606373340213816	1.1344134114061606	1.0721683628802139	-0.6622217672444233	-0.6602073088606775	-1.1105944458186754	-1.1983545286652697
DDX60L	1.154206789045571	0.9028245328896753	0.5677005297853621	0.9740217354490485	-0.6215131597768748	-0.6206947846615897	-1.3077294003183482	-1.0488162424128342
ENPP1	1.1857252967862535	1.2825120762349709	-0.7264812870696076	-0.35565721222896274	0.2837665084904342	-1.351642828681174	-0.9766859269800963	0.6584633734481806
RNF149	0.6884749286087043	0.24113821137623567	0.24515109546661099	1.0590805605942113	0.5874278445480098	0.015872818574515453	-2.0953604899252327	-0.7417849692430752
C4BPB	-1.4092407182076638	-0.29244703822328416	0.03629370316764093	-0.8479790990677798	1.913394781958567	0.06524531371608659	-0.1797482662748043	0.7144813229312388
ZNFX1	1.5858184273992457	1.1338030931065795	-0.37084212611568046	-0.2549747324585774	0.27022174096038876	0.04588603651145744	-1.3002719168835954	-1.1096405225198296
PXK	0.6730582536573753	0.26353753712780487	1.5154532122402582	0.9421555027331252	-0.4971783643750509	-0.6414813222149857	-1.340914727644656	-0.914630091523885
CD274	1.2469494505517984	0.6757957588195905	0.9888926783119474	0.7500977945208247	-1.075478686347358	-0.6682928670348003	-0.9075098926818363	-1.0104542361401676
BMAL2	1.61654839605598	1.096754790750212	0.0036672518212918777	0.07278595698703523	-0.0689516678750858	-0.2666256089535366	-1.4406871325414647	-1.0134919862444443
APOL2	0.9223084373727966	0.7077491118774737	-1.337956825997704	-1.0405060486871727	1.0756245362870587	0.908809938614379	-0.7381589850201623	-0.49787016444665294
GTPBP1	0.9478844707519396	1.5545932071514743	0.10341327478904336	-0.15054030162229481	0.27724857356473676	-0.10671958952789051	-1.5532734722953552	-1.0726061628116488
NECTIN2	-1.0398999119344965	-0.4329605255915329	1.3399657487041186	1.0743695188805065	-1.0407801397344876	-1.0255697907383396	0.6451617755937022	0.47971332482053375
SYT13	-0.8119796684026797	-0.8119796684026797	-0.8119796684026797	-0.8119796684026797	1.5183199793479165	1.4162742394255587	0.12101335327324704	0.19231110156399628
UBE2L6	0.8197009394363975	0.8773189188223369	0.9981942273111379	1.0220135034350164	-0.9161659093542583	-0.7826716161353859	-1.1288079731713232	-0.8895820903439182
KRT17	-1.147426946728898	-1.0899589092688733	-0.666075207201081	-0.7899508491834333	0.8815387625777863	0.9572436459439871	1.0123769830612086	0.8422525207993079
SCN3A	1.412849831616618	1.4871773340260066	0.39189633555620884	-0.1643731027817353	-0.4288669181350674	-0.8995611600940102	-0.8995611600940102	-0.8995611600940102
PSMB8	0.7223561019173492	0.7590779099621445	1.0553737704800545	1.1610240536533905	-1.0189987208920648	-0.8128633775641856	-0.9426011452873183	-0.9233685922693888
THEMIS2	0.3243578687529766	0.9808493654615851	0.8706937442059174	1.3904142532930441	-0.883650810126653	-0.9835385237052547	-0.6919781891826828	-1.0071477086989344
GBP4	1.3355836536213967	0.9469449322200671	-0.08099619065695121	0.3543112810679436	0.0924517700802674	0.21021899646383152	-1.5859782579977566	-1.2725361847987966
IDO1	1.4358818569939633	0.5603779233270042	1.171942000459938	-0.47016330557806935	-1.5074659597370197	-0.5609920383847484	0.03475719314177946	-0.6643376702228464
PRKD2	-1.4654403864512833	0.10364606539556498	-0.16085412306834954	-0.9728166599557909	0.07962679769245413	-0.2689466604144245	1.6479966162660937	1.036788350535721
DNPEP	0.2879824468577279	0.48767443057489085	0.8595285031198211	0.9748367045447621	-1.6647201066663988	-1.234283937464764	0.716172164145135	-0.4271902051112177
IGFBP6	-1.3929882328335557	-1.3874836192272906	-0.2370180714884004	-0.3825736229084798	0.762339860655004	0.9702545385110148	0.9315871034450668	0.7358820438466372
OAS2	1.1667923601382408	1.008656170272466	0.38994149299178577	0.8537744753111804	-0.40380860130764423	-0.5017782188675776	-1.545184362293983	-0.9683933162444658
PLSCR1	1.0612512245504166	0.8482852458731142	0.7795105314003152	1.0250616806705928	-0.9105002443353184	-0.8378472257583155	-1.1106746231684892	-0.8550865892323203
CMTR1	2.0364232755560745	0.6399181686916615	-0.9087905194608301	-0.22943798312965022	0.001437755878745886	-0.07084119565352805	-1.2249506341199485	-0.2437588677624612
HIP1R	-0.38852677394847324	0.3289034922170353	1.48385781194277	0.988740511243584	-1.5977769021104637	-0.9842899801541576	0.19727083963531836	-0.0281789988256043
CXCL10	1.060890058047595	0.9809284362703785	0.9516912779947612	0.7322691940314398	-0.9314447415860434	-0.9314447415860434	-0.9314447415860434	-0.9314447415860434
HERC5	1.0804186090971992	0.9376292559372748	0.8049483649617075	0.8950202456789728	-0.8580922236958687	-0.7880950312158936	-1.0570060126369816	-1.0148232081264101
CCDC71L	0.2042019858375361	0.23741604088119925	1.3465709577239346	1.3331575406054208	-1.2627237714442336	-1.233287617186771	-0.29886332686407285	-0.32647180955301497
MUC13	0.05355634058344983	1.1931757247101609	0.9224077443962265	1.1532534241695767	-1.0602828205254191	-1.0602828205254191	-1.0602828205254191	-0.14154477228315704
CEACAM1	-0.12497651860806715	-0.13389653119810507	0.17375529283631047	-0.7016812896258038	1.6618297665521748	1.1836803665669742	-0.7447663633481056	-1.3139447231753756
SLIT2	0.7555583509327154	0.7061510892113743	1.059318996244991	1.0922863743572002	-1.1214232217423645	-1.268616154726443	-0.6062723755735272	-0.6170030587039529
ODF3B	-0.6460110718401306	-0.018756230475951933	1.580529915423108	1.2835733577313562	-1.4545196347661027	-0.549323379686932	-0.0879938051170159	-0.10749915126833347
PSME2	0.9347207767336334	0.45636050907762343	1.0893190408181561	1.07812258370022	-1.265198552061855	-0.3894305056760183	-0.9056950005809653	-0.9981988520107667
C1R	0.8535793503131262	0.98854190461842	0.3088039607486265	0.3645755892557734	-1.7934032037609418	-1.2669046825802626	0.4916773935655635	0.053129687839686364
PLAAT4	-0.46949611270209185	-0.5868553033220655	0.7677466616046067	0.3838689819800136	0.6253808168768509	1.5884140588368776	-0.9112739640814388	-1.3977851391927523
PDLIM7	-0.9135802877825695	-0.17847662309718668	1.1444139921915575	1.1187416669452472	-1.3729718259983668	-0.963935949452831	0.7809844928014148	0.38482453439274217
CD40	0.9114287579514019	1.0730698245209622	0.9416690636304818	0.5130780545806464	-1.623060337848678	-0.8571729086410824	-0.3400315768271323	-0.6189808773665968
DDX60	1.1192626213079317	0.8673792434870408	0.7040039320221869	0.9780811842643223	-0.7190438542431813	-0.7337377812458497	-1.2345388806031468	-0.9814064649893046
AVPI1	-1.1219127454447788	-0.7364783535688885	0.6200707743661756	0.5979999099175695	-0.8729284047978401	-0.8933877424517944	1.2223490436404996	1.1842875183390513
HELZ2	0.05067500818699603	0.10752448585410126	1.3004611226076426	1.3988044848736083	-1.3625633411521316	-1.199017183181176	-0.1512967219341303	-0.1445878552549022
CCND3	0.9979512535479995	1.334824537770585	0.14542941519943586	0.46666211290825943	-1.3844186788719588	-1.2798644390701377	0.30094575949379077	-0.5815299609780016
PSME1	-0.679492470053463	-0.32606053891054043	1.5373898006732196	1.6549729351032045	-0.5458695382869909	-0.2530999148848292	-0.6470785919369691	-0.740761681703612
MVP	-1.4995601414485022	-0.9642438335415987	-0.55795581509558	-0.5467334063207212	0.9508552488453025	0.9269444715714045	0.9421639109535	0.7485295650361928
IFI6	0.7081607442039891	0.7490210097296692	1.0805444008884817	1.0855253976029187	-1.1932230597607056	-1.169949886243838	-0.6803942551691899	-0.5796843512513258
ICAM1	0.7155262093003811	0.7667750013274397	1.1091755004284212	1.0965365659650452	-1.0355418898951207	-1.0142198399240998	-0.7084626484954526	-0.929788898706617
OGFR	-0.8576442107527285	-0.4302890700269194	1.0502751774844006	0.931890605253743	-1.4227623400688605	-0.8662343576106388	0.9728081745672583	0.6219560211537494
MFSD12	-0.8326042476291863	-0.518456130829249	1.334467683693777	1.3082886387377828	-1.0399829887433272	-1.058818974238391	0.49622972211139954	0.3108762968971837
HLA-B	0.9597756891377578	1.052275084777567	0.8272093102750568	0.8910442138600569	-1.0311029500426852	-0.929945209728013	-0.8948190046761088	-0.8744371336036317
LY6E	-1.1597189249799074	-0.5751270798149825	0.9725022037801889	0.8661823179559089	-1.1636793979774072	-0.7465691610469243	1.1095719748367012	0.6968380672464429
CFB	1.0947658878759643	0.7545252414221545	0.9113194254784395	0.9588650371643564	-0.829743601426398	-0.9458685148513665	-1.0419665811084842	-0.9018968945546678
PLEKHA4	-1.137459347493148	-0.6380115838666415	-0.7794669174554535	-1.01736956082564	1.154023928489147	1.2650336140864484	0.7490257060268299	0.40422416103845693
HES4	-1.034282920888053	-0.5325205907400409	1.0559866776240363	0.906731787787407	-1.2252605588867471	-0.8435312086736068	1.0570551645106123	0.6158216492663929
GSDMD	-1.190825302778587	-0.705414191526192	1.1968136036799075	1.120583159352811	-1.1094229551871002	-0.5656318028706223	0.7992397933134165	0.4546576960163558
TENT5A	1.7301480598633836	1.2643245396853056	-0.566213003061374	0.09839121369488274	-0.3391405884221601	-0.8767434161817288	-1.0646772994551466	-0.2460895061231522
APOL3	1.1982115837270346	0.5931830368288308	-1.2114666909510277	-0.7510134744434707	1.0612579419806756	0.7627799763448111	-0.5956920699547383	-1.0572603035320969
TRIB2	1.078347615082153	0.9861410247631659	0.6785143351247005	0.9655265464786913	-0.7943267625640298	-1.0330500328054257	-0.9882938649569881	-0.8928588611222589
IFI44	1.1331389766932274	0.8899188710490173	0.7423828006596369	0.9352179162264876	-0.885510411337485	-0.7845340169938301	-1.1512417790043914	-0.8793723572926628
SHISA5	-1.4358830113776704	-1.1730224495075507	-0.38601628312140085	-0.12872927128029865	0.36302825475040595	0.25853165255870464	1.4351928171187405	1.0668982908590656
TNIP3	1.3137065203512528	1.25790280106508	0.44756400767175714	0.4884028456056766	-0.6331649796274015	-0.7117170184887325	-1.0224285667279642	-1.1402656098496715
GDA	-1.087991824545216	-0.18707775755757397	1.9906083431750135	0.6639435376360855	-0.24430688342999918	-0.28186287008995353	0.23467927935686042	-1.087991824545216
TSPAN13	-0.4845241334309504	-0.28787115785748263	-1.6375079275496875	-0.031407466854566295	1.133275552915668	0.7104750118195189	-0.7092677182745372	1.306827839232031
LINC02015	1.2432722163547663	0.9356120837255187	0.7856964626829204	0.7307638170906595	-0.9091905361889041	-0.8768451405808644	-0.8862641684899364	-1.0230447345941598
SPX	0.9977123488587685	0.6363408798228396	0.7419852228530298	1.2719027857976175	-0.885799143347264	-1.1295736138474186	-0.6781810295257398	-0.9543874506118344
LAMB3	-0.8768226469274097	-0.8301643122915959	-0.6732091519062495	-0.9711836968521689	1.2247370799449864	1.5716607597414665	0.3811731280360553	0.17380884025494026
FYN	0.6661731707022019	0.3708810592216233	1.6618532112819644	0.6114044201752733	-1.2182716781255665	-1.0472866470930209	-0.2427887612524804	-0.8019647749099971
NFKBIZ	1.226251278545129	1.1943683627419266	0.3983652069041612	0.5614942554542178	-0.3852446602237396	-0.48095198289141644	-1.4234015310355328	-1.090880929494753
CA9	0.3367768703714906	0.639395419921448	1.2169790794306319	1.2027510409282014	-1.2908523042209938	-1.1736242631677918	-0.2751400258898959	-0.6562858173730987
ENO2	0.4887576800615092	0.5595067297676323	1.1146870473705268	1.1622574995793902	-1.3732421493530944	-1.3330649444594955	-0.29675180310606813	-0.3221500598603917
TRPC4	-0.5932415090253256	0.8737593781178538	1.1736703863651223	1.2315735234036929	0.20883228281771132	-1.0098982749891336	-1.2169284729429772	-0.6677673137469393
EPB41L3	0.39279527171218387	1.5250173221493701	-0.6805155224665288	1.4847650184710894	-0.6805155224665288	-0.6805155224665288	-0.6805155224665288	-0.6805155224665288
PTGER4	0.7541339157030295	0.5855962795933737	0.8098961581775451	1.0112527543395826	-1.3733715286031603	-1.57608072022501	-0.1986237726459078	-0.012803086339454432
CITED2	-0.9284492348258042	-0.9572989389147241	1.3488067287114092	1.6242881738538844	-0.6406879531388863	-0.4662307377723177	-0.2509105971606241	0.27048255924707043
AKR1B1	0.5516169631043373	0.6143805456847827	1.1928954718609386	1.2415940639621008	-1.0976349153939569	-1.0330448100338723	-0.7070731021631391	-0.762734217021196
SAA1	0.84378894035417	0.8362334430913824	1.0111812967120384	1.0133194203476892	-1.0174111865806852	-1.1496253464170145	-0.7495918088703646	-0.7878947586372173
CCN1	-0.2602978279718168	-0.283272880215141	1.4311384928277617	1.4776951577691375	-1.1606052183323425	-1.1259327635514185	-0.004482109161453896	-0.0742428513647277
SP8	1.9485332103312265	0.6535716552295774	0.19227591501515687	0.3256783143047302	-0.6598809423575549	-0.9933082365079473	-0.47356167950724065	-0.9933082365079473
PFKFB4	1.0968671505330982	1.519386449386201	-0.5182036631030527	0.899427743130713	-0.6058444241543854	-0.5316557786286824	-0.8047319444954444	-1.0552455326684476
FZD4	1.2510760606390277	1.0249127217187843	0.7049799536956698	0.6866365296047664	-0.9196626276547599	-0.7721143772645043	-1.0928129535365578	-0.8830153072024249
CYFIP2	1.836947410372262	-0.8466838340563316	0.015583462995700601	-0.14547204575581002	0.45393321357722854	-1.2583423282801338	-0.7683540858560992	0.7123882070031844
PDE4A	0.17263229396272153	0.7644051669196117	0.8821776093039032	1.4160032156335418	-0.17561247209118908	-0.5889355702338495	-0.9414050122483262	-1.5292652312464212
S1PR3	1.3541264575511411	-0.7742556901472931	-1.4217619189637338	-0.17642728594071175	-0.714991704519585	-0.23571697762236588	0.9173324918794006	1.0516946277631058
GK	1.0422526446332645	0.6719298178793147	0.3140383040117045	1.251624982244529	-0.470815596007965	-0.3907540518339526	-1.7084620371736818	-0.7098140637532051
ATF3	0.39437355494651655	0.32897493828468616	1.244162491791256	1.3996332922431822	-0.5927593039895704	-0.4691701013611742	-1.1730934199155847	-1.132121451999307
ARFGEF3	1.4408778124245352	0.31908774006988666	-1.028859986799016	0.6949401104362622	0.5032535786648831	-0.03758251532882711	-1.7321747161180288	-0.15954202334969292
ITGA1	1.0521575017873726	0.4454300004922841	0.5877461373417773	1.411351960700884	-0.9782253336503415	-0.6274280677316955	-1.2761251245074852	-0.6149070744327925
TENM2	-0.4254196641425212	0.6911324824749473	1.4564695571569783	1.1297069012188907	-0.2819859361536221	-0.291415200665803	-1.442245520656802	-0.8362426192320707
ZC3H12A	0.8964118397049953	0.9936221826806356	0.925427722493345	0.9224770096491179	-0.9796582814178909	-0.8565898518085372	-0.9441245708891559	-0.9575660504125117
LINC01895	-0.3535533905932738	-0.3535533905932738	-0.3535533905932738	-0.3535533905932738	-0.3535533905932738	-0.3535533905932738	2.4748737341529163	-0.3535533905932738
RGS2	-0.02482946942606645	-0.05934049700217964	1.315555196284774	1.3833535427080823	-1.3924115936703545	-1.1817522653960082	0.0672855970681678	-0.10786051056641226
ADAMTS1	0.2446938988434831	0.1839852223248713	1.1657244072482107	0.9756012837725645	-1.1688776244464318	-1.7753888624097063	0.24732494426986912	0.1269367303971513
SLC16A6	0.571438462770084	1.4947168061731329	0.5605891664794028	0.3493054210754637	-0.027597470494365343	-1.4462151856235332	-1.3765572363627097	-0.12567996401747802
PRSS23	-0.7229671097124157	-0.95176986384193	-0.4555974464248731	-0.6078436096152825	-0.030630551063938517	-0.3493715460979127	1.4887784772526473	1.6294016495036918
ITGB3	0.3894685427382191	-0.22620162624156076	0.38181176900772446	1.913397591343321	-0.9286640912706713	-0.9628547428186687	-1.0046062717675548	0.437648829009192
HSD11B1	1.5185270705281084	0.00154110008953622	0.5378522452183268	1.2754916912577818	-0.833353026773438	-0.833353026773438	-0.833353026773438	-0.833353026773438
PLAC8	-1.828981251642203	-0.09196807847356439	-0.847999398157758	0.05378445883720289	0.8525204089110257	-0.11354241079032212	1.3287063255586196	0.6474799457569949
F3	0.4101341264312163	0.34240985063929646	1.2493479076757437	1.338705509467183	-1.2549264611080488	-1.1674309821358229	-0.49247437858276644	-0.42576557238680385
CP	1.3944247908858705	-0.262632863866324	-0.9887134085630881	-0.20931652970594888	-1.16882128229109	-0.6806316659086677	0.5699683813624813	1.3457225780867779
