	SRR29733234	SRR29733235	SRR29733236	SRR29733237	SRR29733230	SRR29733231	SRR29733232	SRR29733233
Gene	STING WT	STING WT	STING WT	STING WT	STING KO	STING KO	STING KO	STING KO
SOD2	-0.18507614021579868	0.038092492077240775	-0.9835084602154339	-0.1482442259257065	1.4563753780129496	1.5315705123313357	-1.00886821073438	-0.7003413453301897
PPM1K	1.231761521218016	1.3264383653760137	0.4003844074895925	0.5921018595815875	-0.8442610808988348	-0.7204366515930462	-1.0583845219033416	-0.9276038992699893
NFKB2	-0.22281079564595868	-0.36735730360202923	-0.38588102531758733	-0.3138175356660155	1.6272673083275777	1.4945270909022834	-0.9808815511968678	-0.8510461878014154
GBP1	1.3045827060582424	1.4608565458661034	0.17157165584289658	0.30745352081770777	-0.4501242224011882	-0.5471471956222393	-1.2044591427414972	-1.042733867820017
TNIP1	-0.37908763581674554	-0.31886689583980243	-0.6968419961915668	-0.5516385136383221	1.5179144746223192	1.691909752389267	-0.6351275342271417	-0.6282616512980114
CCL5	1.1226801139953033	1.0723944634046068	0.7854920038278468	0.727359764195174	-0.9046005420886029	-0.992382951307689	-0.9231701887490803	-0.8877726632775572
PLAUR	0.9824021263269574	0.7306997037714427	0.8369137316167373	0.5434419996592412	-0.24823181733877195	0.11473293963367971	-1.3222615292017126	-1.6376971544675671
IFIT3	1.0586725014272784	1.057579973229852	0.7943456231636109	0.7688014658844458	-1.117588910890118	-1.1139785547254524	-0.7061061403204629	-0.7417259577691531
SQOR	0.48270085186965894	0.4562035819785854	1.6724192770145858	0.7112865568536149	-0.4519999329985428	-0.5060739824971002	-1.1862980412199864	-1.1782383110007983
CXCL11	1.2573646549884097	1.2786709243267484	0.47256829217203494	0.5742459301476582	-0.7859078539672509	-0.9443571224472764	-0.9785361473881091	-0.8740486778322135
IFIT2	1.086655228212302	1.0695271463987726	0.7405164178065192	0.7698299681161754	-1.124706770687044	-1.1249948206938345	-0.7107665637612209	-0.7060606053916698
SDC4	0.6997362359007763	0.6641811176086859	-0.7899456814970695	-0.5441335363698158	1.0396898969648576	1.210163192332331	-1.1907920726060668	-1.0888991523337104
STING1	0.7478423924691148	0.7886756386826567	0.8825864094207893	0.9658449050782761	-1.3155071489690053	-1.4850645256469968	-0.2826230974675631	-0.30175457356727664
OASL	0.9951800665915366	0.9829462227984739	0.8701239638756694	0.8477743179458557	-1.1119416792980603	-1.1263483788954605	-0.7252321881978407	-0.7325023248201745
IL6	1.3757462270812573	0.7264469826638127	0.07024919195482811	0.5501084828973429	-0.6940709985392647	0.5895814081052746	-1.2207709441310597	-1.3972903500321887
ISG15	0.9480790951755635	0.7999344279137598	0.955979924483661	0.9086032726054846	-1.3128640630896384	-1.1611000527897355	-0.5991988455248857	-0.5394337587742093
MX2								
IFIT1	1.0491875563073023	1.0332648043292147	0.8104127633102638	0.7977498939128437	-1.118891979411949	-1.0908638014383858	-0.7372326784497465	-0.7436265585595405
ISG20	1.1228980264244453	0.9580237267555604	0.8402758167089178	0.7639207670907953	-1.1849471645914142	-0.9974819119301395	-0.7934440390007462	-0.7092452214574214
SAA2	-0.9251548956102601	-0.614233176369412	-1.2216351454617886	-0.7887718859156332	0.8375669657488787	0.48557036628629835	1.456806024284351	0.7698517470375658
BIRC3	0.709024115529697	0.9902813861146276	-0.9971446160626113	-0.5330511304167762	0.9259763897817537	1.044681957037799	-1.076601788790024	-1.063166313194465
RICTOR	1.018748248315218	1.3981677932735712	-1.3258751477527073	0.16909780302819238	0.5003675587803096	0.20235265106905048	-1.0202754369521227	-0.9425834697615262
C6orf62	1.2039531002742478	1.2232883046681158	-0.09999011186732311	0.2817435893277559	-0.04692269829403646	0.19189879118190972	-1.6353265716406478	-1.1186444036500076
CASP1	0.8754537828249114	0.4941848644906775	1.1130972553333032	0.6933687623034215	-1.3773335434733043	-1.518678777136238	-0.023948207726028164	-0.25614413661673924
B2M	1.0748755377842187	1.0557049696139906	0.6884648508143025	0.779459151056926	-1.3093186425506766	-1.0728828468273388	-0.7556298941019602	-0.4606731257894722
APOL1	0.9105870095616134	0.9917862101072716	0.8471839229946252	0.7929604559315107	-1.1318369402340756	-1.4409536996313161	-0.40394093490437416	-0.5657860238252531
SAR1A	1.2893679694232778	1.259884271661633	0.2830955781060803	0.46818065265864445	-0.4546581173586404	-0.3466113104156155	-1.2706573927508749	-1.228601651324487
STAT1	1.1632177431176152	1.1563388554405405	0.6058769234300752	0.748006408925838	-0.8518677666499854	-0.8988589493319764	-0.9854951996671181	-0.9372180152649914
EIF2AK2	1.28185886073824	1.38239062297582	0.16718585887882992	0.5152161046787554	-0.48878622634588814	-0.5961283771961337	-1.1454884153673348	-1.1162484283622822
EXT1	0.5181602656370909	0.8837446216989917	-0.9880126100873184	-0.3326732595440874	1.4065889130951996	0.6623731402800409	-0.8154801536175675	-1.3347009174623554
IRAK2	-0.23980452813890063	-0.49878843854266597	-0.4671102352348315	-0.13328767634323482	1.1652115368917701	1.8749015015466814	-1.1131105394306156	-0.5880116207482062
STARD4	0.3697127484011587	0.7021105822878746	0.7491654952404969	1.5378550696886086	-1.1921701158447506	-1.265099365837161	-0.5400672629606286	-0.3615071509755958
XRN1	1.017082050753272	1.5086956598895616	-1.4574852672517138	0.32396826389619937	0.30540525902309573	-0.045623669769342214	-0.8163515739354118	-0.8356907226056737
IFIH1	1.196201163573274	1.1652155631972838	0.6228938217642703	0.6785029586053649	-0.8704520558160882	-0.9125882579414398	-0.886338719826981	-0.9934344735556903
NFKBIA	-1.3706291297377384	-1.4179186658324674	0.2788387942379359	0.907742927008076	1.203760448715896	0.7969364334497692	-0.04854410953606144	-0.3501866983053554
NCOA7	0.732788636141192	1.2759720750513859	-0.49287485469416115	0.611823325955144	0.33490781629796595	0.3547104694271384	-1.4828691242004086	-1.334458343978262
SAT1	-0.7472224378041101	-0.8705242923939625	1.116306765008067	0.7091638500490373	-1.2422342074439245	-0.8080087831750004	1.0650120791152407	0.7775070266446321
NBN	1.0503306433982749	1.41568475921307	-1.3166068062681744	-0.36628186630396864	0.40106919781386324	0.5675666065001592	-0.8138249558753993	-0.9379375784778219
CD55	1.0204470701037887	1.0608656554425138	0.23245488295661257	0.34892662989527434	0.17606921506366408	0.1910041111309346	-1.503973102497243	-1.5257944620955457
C5orf15	0.06792264112245436	1.246876646740105	-0.9181723706745255	1.2447623419264424	-1.1893388985839857	-0.10700904734985177	-1.0564625796509934	0.7114212664703674
SEMA3A	1.293409503148596	1.3282892420561903	0.20658161142842296	0.5470453816580029	-0.4899141497259218	-0.6069683523522019	-1.0477702932184425	-1.230672942994645
NCF2	-0.1972298848858557	-0.0905227380540513	1.3769011451830746	1.6845482886999381	-0.40184708283347637	-0.468934941395062	-0.8343614800141526	-1.0685533067004118
ERAP1	1.2040704943857852	1.3363696448588376	-0.9856782467287448	0.8990077767666975	-0.38284775832710805	-0.48477825510665395	-0.3777131775310875	-1.208430478317726
PRRG4	0.09104879015378477	0.983325322204979	-0.607408327915686	0.8652358977951811	0.2647003429581486	0.8673036773691758	-1.9562459932956904	-0.5079597092698847
MASTL	1.0928590942115768	1.089447332128824	-0.14729212685280207	0.11094626189200604	0.4174640024295108	0.34710947558639516	-1.290351755926454	-1.6201822834690538
NEK7	0.7571455763874743	1.304924691154696	-0.7076184906085052	0.47111712096985114	0.31808575968909636	0.5303097886168743	-1.484929687485896	-1.189034758723603
SMARCA5	0.9936636081184478	1.4205353960158316	-0.8130703156178566	-0.3998776495444208	0.6859006216631188	0.3656887251550034	-1.0001396690677438	-1.2527007167223945
SH3KBP1	1.1991286001591561	1.2007038801601686	-0.040447176083609454	0.1897703897550643	0.11592720505605791	0.14845010462633684	-1.1954711093726529	-1.6180618943005143
CD2AP	0.39949687819547836	1.3140367826284012	-1.7534393655225375	0.11167611935575625	0.4542484121883178	0.8024860284333485	-1.0475932635525742	-0.28091159172621644
LIPA	0.7541206297522713	0.776907837548859	0.6954381710578438	1.2093738370294578	-1.2924460718570505	-1.368224250541987	-0.5265061490662323	-0.24866400392317498
TOR1B	0.2078283320287827	0.3829586275480763	-0.9391077957231487	-0.3738781116748864	1.4551618499678098	1.2812527330617316	-0.9870467673298194	-1.0271688678785575
TMEM154	1.148328311652805	1.386156875768085	-0.001173785661032591	0.5452415846278584	-0.21231952173608568	-0.2962782596380036	-1.4020804989367015	-1.1678747060769188
BST2	0.9622620748906731	0.8877693416919056	1.0200018464932106	0.8205613749176444	-1.034315298348775	-1.199183777740694	-0.6912721128301653	-0.7658234490737958
SP100	1.206913589514286	1.1727131964641262	0.5879354045484548	0.6515979813983405	-1.0101277461142641	-1.133567958034179	-0.6928808113181179	-0.7825836564586381
FGF2	1.1762947900686225	1.3724297499623808	0.2681270936027309	0.6742074094533392	-0.6628763264772759	-0.6855710580577806	-1.0988223648319089	-1.0437892937201068
IL7R	1.2572997384243247	1.2632615722296041	-0.02563944560499025	0.24860702423337172	-0.011408379906126764	0.010329230877179052	-1.3799598906343649	-1.3624898496190003
SERPINE1	0.01573429800764766	0.01962607432266389	-1.239629346715872	-1.0322806725917535	1.326947547766393	1.5568483347338526	-0.2845554313629127	-0.36269080416001237
DDX60L	1.3089629333876962	1.3380486566598724	0.26360227713718515	0.5520897888362651	-0.6790082096181305	-0.705315284797396	-0.996771404471897	-1.0816087571335942
ENPP1	-0.202361921023359	-0.014424358459921235	-1.3918969178532947	-0.4428692946263417	1.9878555167309429	0.6924937391280683	-0.0009326505848705512	-0.6278641133112254
RNF149	1.039148287696284	0.9668942849653004	0.33682672179271245	0.9439645628324491	-1.5306866044719143	-0.8262357543430112	-0.9761945589533763	0.04628306048155577
C4BPB	1.33278814861618	-0.21724403458866565	-0.7697649993327121	-1.1000116548495462	1.5526655348904068	0.42219859159001927	-0.46902825550243227	-0.751603330823249
ZNFX1	1.1627438919093986	1.3548596103612038	0.3248861625099148	0.7050756304257169	-0.7868379451954247	-0.8866744666128447	-0.781532473648778	-1.0925204097491823
PXK	1.0820943924050086	1.0733962945325444	0.5866592925270773	0.8065955633872655	-1.3456502456371808	-0.9054296545558181	-0.3251191442752255	-0.9725464983836613
CD274	1.072619146376543	0.7429362539218883	-0.5248462295402603	-0.53977520575494	1.0565813412699216	0.6941975417416805	-1.290574854133538	-1.211137993881296
BMAL2	0.2547789629895903	0.3459348025743886	-0.4922730396436839	-0.6211608384992053	1.3597357305744189	1.3367174071524086	-0.8027267423979605	-1.381006282749956
APOL2	0.5209057704351783	0.8391620754606959	1.1282570842349129	0.9933175234390161	-1.0390272026756533	-1.4933697335828584	-0.42689318821222466	-0.5223523290990627
GTPBP1	1.4121869621659395	1.3267442622578645	-0.08982705359411017	0.12491987140256235	-0.15557560291345382	-0.16880664743109797	-0.9343627527411066	-1.5152790391465822
NECTIN2	0.5755562608788515	0.5772384374186494	0.7452494618374095	0.8271446955259837	-1.5425611805425905	-1.618927834886319	0.23164867667140607	0.2046514830966092
SYT13	0.5262894411858318	-1.2559019347574714	-1.088340848416242	0.2059390238829041	-0.3931462633636749	-0.5996559430782947	1.380341800423513	1.2244747241234308
UBE2L6	1.0104839755088368	0.9949405526248897	0.8136720824795048	0.7645706936372217	-1.1812919103274893	-1.3311101840108688	-0.5608848745598177	-0.5103803353522741
KRT17	-0.6112847354762229	-1.0562196348907633	-0.2982412594501397	-0.6161414752573952	1.22029944040356	1.8185139066548424	-0.4945820233844297	0.03765578140056093
SCN3A	0.6771806197534374	1.2623893435578235	0.6836304974309945	0.667832464809951	-0.15305877494031989	-1.6415975497931525	-1.0617227687043926	-0.43465383211433956
PSMB8	1.017049224338172	0.8753746108741407	0.9260281686459565	0.6620316356172012	-1.2878341913508853	-1.384078652606703	-0.36941332060445675	-0.43915747491339935
THEMIS2	1.1041046803190675	1.119016756218347	0.8111196821272155	0.6550291959597485	-1.0065148126887578	-0.9545869160488122	-0.9740488072873403	-0.7541197785994691
GBP4	1.109138943903024	1.1481084460321527	0.5641545838499122	0.7895934342938462	-1.1194004209698873	-1.1838700294880222	-0.6426423689957396	-0.665082588625288
IDO1	1.497703082038217	1.2303045331827005	0.6913410484205402	-0.15067324328868248	-0.708579436235574	-1.0197310994181457	-0.8546899586588746	-0.6856749260401815
PRKD2	1.064701366493023	0.8343653686748242	0.7903647305880735	0.9067296503135407	-1.375613513380145	-1.0704292308220096	-0.4657592440692649	-0.6843591277980456
DNPEP	0.8146487903949599	-0.8549971351021628	0.8537049503002219	0.8906831794976913	-1.4517922637787395	-1.2252548945057178	0.507438956420542	0.4655684167732148
IGFBP6	0.4308495505161263	0.3182367895591909	1.122585976259577	0.9675201394068416	-1.5448957530730003	-1.4548076312338418	0.060896932765716866	0.09961399579939637
OAS2	1.0981101998342626	1.1178331492064444	0.6852981169108993	0.7345171829336479	-1.1155991898427216	-1.1789931557692657	-0.6431596376167241	-0.6980066656565443
PLSCR1	1.097851858425817	1.1158726452841783	0.7402709650573962	0.7467858491198774	-0.8601961932962625	-0.8570128231681058	-0.9588367745204931	-1.0247355269024065
CMTR1	1.1008244474430349	1.1646369920975652	0.5776088644562584	0.7932179172986499	-0.790977609627462	-1.2388682760717624	-0.7077987523482582	-0.8986435832480373
HIP1R	-0.782823280495424	-1.0608698049720497	-0.0582127179005269	0.5246853045533675	-0.8157763465805569	-0.6142282286338232	1.3993754121813795	1.4078496618476533
CXCL10	1.2347961296818155	1.1598794371664396	0.5743320939962561	0.5449669798729827	-0.49518468510953784	-0.6255267722326457	-1.2338196167668554	-1.1594435666084537
HERC5	1.0449687532778575	1.0556366260040653	0.8189132514213271	0.8065860407599195	-0.9490538372773775	-0.9391928230957125	-0.8986277181466623	-0.9392302929434164
CCDC71L	-1.1451397466406479	-0.8851752701554807	-0.2787374416208308	0.9760332633848346	-0.7717532162930503	-0.22145255503816064	0.6510194002776329	1.6752055660857095
MUC13	0.8167227348635926	0.712071309538206	0.8220093395602889	1.2665799285678283	-1.1662413426942588	-1.1662413426942588	-0.654108038079694	-0.6307925890617053
CEACAM1	1.2589020185578212	1.1369296415352363	0.6371243685208855	0.4844540488840817	-1.0546145127777382	-1.2699736738221423	-0.7472031484315842	-0.44561874246656025
SLIT2	0.07165700273452502	-0.04321815441552567	-0.9609642942107915	-0.9682347847253655	1.907913382821409	0.3114759009871734	-0.9791174120426249	0.6604883588511992
ODF3B	0.8412212335597831	0.6977620282655158	1.0502142213976413	1.02244227626237	-1.1874012590870673	-1.2404844323900672	-0.5295206183040588	-0.6542334497041153
PSME2	1.1637755803854342	1.0223228233757722	0.9848253308662521	0.4267810025192934	-0.6730104683310517	-0.7548934740865458	-0.8956459459360087	-1.2741548487931504
C1R	0.7393575479205698	0.7086139665717114	0.7301655582114759	0.6374758505225149	-1.477171142019652	-1.6659714302125155	0.18059093109015154	0.1469387179157466
PLAAT4	0.6653399383222374	0.8713378647522518	0.9068535746206782	0.7082556962821008	-1.4641830716124817	-1.5216359934248807	-0.10646485970968163	-0.059503149230222895
PDLIM7	-0.964290698581782	-1.760413198369037	0.5199460582845151	0.44327583023342804	-0.61174970862674	0.39291060201093836	0.9041397812238371	1.0761813338248487
CD40	0.943581654405215	0.7814726476463225	0.8731035129608274	0.9120006273392777	-1.4318306428584227	-1.2186823434449099	-0.4360867017547236	-0.42355875429358764
DDX60	1.132256164031485	1.168115528311846	0.6205533171625738	0.7559866995353461	-0.9863181828647886	-0.9661549808337375	-0.8187645316054032	-0.9056740137373215
AVPI1	0.8747077787441322	0.42014699116406273	1.094702501523612	1.1637912478929036	-1.2548459504781329	-1.1022217233704492	-0.6140173648002624	-0.5822634806758573
HELZ2	0.9141955444676828	0.7204964357077485	0.8441084522060668	1.0908495940595577	-1.3278679674156721	-1.1947458936837505	-0.4795520643568416	-0.5674841009847974
CCND3	1.1559734103089647	1.026046212930727	0.33701879613872227	0.1802651756053671	0.18114196489406087	0.09195325313238327	-1.43128002421268	-1.5411187887975373
PSME1	0.6817710564976057	0.5474569935467276	1.4296016567358758	0.7420618635608013	-1.193161519037688	-1.3633575340400834	-0.3890071209493115	-0.4553653963139639
MVP	-0.5707923762005465	-0.7369601013654854	0.6288839996137545	0.6334977738630726	-1.3361462188293578	-0.9311525310707371	1.0942074307069793	1.2184620232823202
IFI6	0.954672870741738	0.8941911666238108	0.9434038230140224	0.9085401479886815	-1.112807055939134	-1.1241251746535958	-0.7247686769346525	-0.7391071008408735
ICAM1	-0.9614507252674122	-0.9368216915759918	-0.3951668491793753	-0.3238543079277668	-0.3599187508762282	-0.08238418827611241	1.774793252843057	1.284803260259826
OGFR	0.3712231739750969	0.002925082046494326	1.1589022103362572	1.1123471879862	-1.5165563347098932	-1.3932207323875208	0.18631380825733915	0.07806560449601765
MFSD12	-0.6584273006058619	-1.3781343414378684	-0.38973975548411555	-0.4741794865826851	1.0998000542503596	1.7307904986479514	-0.16857108132305945	0.23846141253525854
HLA-B	1.1681749841795384	1.1557386463670132	0.644178935534235	0.5941978361263236	-1.2252396492059412	-1.1397520315679213	-0.6840566571417513	-0.5132420642915059
LY6E	0.8396098770539276	0.7158248362977163	0.9669241296729739	0.8848586539364698	-1.4168797091927432	-1.3642225775751893	-0.3190354139398311	-0.30707979625330867
CFB	0.6400407380246346	1.5292748989836138	0.5330393761027147	0.5550663645217038	-1.2299195506947187	-1.3950675787255395	-0.2998723702079159	-0.3325618780044934
PLEKHA4	1.0746850233439285	0.961992822996483	0.8476926564287526	0.6411326038325751	-1.3970949949320381	-1.166488103218915	-0.5669079026835847	-0.39501210576719226
HES4	-0.525909547905686	-0.7022594866821361	1.4239591400543634	1.265631443027946	-1.2477236342763445	-0.8951917493325086	0.2687444196595366	0.41274941545483806
GSDMD	-0.23091336818937241	-0.5878025929318069	0.9673666631507851	0.9015451118627741	-1.558520584106989	-1.077551935031292	0.743047308640663	0.8428293966052289
TENT5A	1.1951281802481033	1.4755635879520688	-0.26685846512366773	0.6987538552741874	-0.4119138830458964	-0.4897464344809801	-1.1413672317016494	-1.0595596091221615
APOL3	1.0045944807859275	1.07845330144263	0.7082165032016007	0.5939283475514515	-1.2782369507383085	-1.4580882924383636	-0.3630425850374762	-0.2858248047674633
TRIB2	1.1982657061498232	0.8225210555126027	-0.41196422204025596	1.1423851946850818	-1.146444005069454	-1.4419695970224684	-0.13616392281906298	-0.02663020939625074
IFI44	1.013432913088628	0.9726809817531283	0.8803743410973298	0.8372279080903948	-1.0530555110600524	-1.1413633742788822	-0.7649082295292818	-0.7443890291612639
SHISA5	1.0400908185332967	1.032186918227657	0.7098888547545564	0.7750253399327114	-1.2870905874415433	-1.2509022740930769	-0.5706435343820052	-0.4485555355316029
TNIP3	-0.7145159327937808	-0.7145159327937808	-0.7145159327937808	-0.7145159327937808	-0.7145159327937808	0.8361648901939447	1.322489347454538	1.4139254263204217
GDA	0.5188069178839709	0.636263493931809	0.6528528980784809	1.0872939400963895	0.035112241237332184	0.13415832824755064	-1.5697206036004812	-1.4947672158750585
TSPAN13	0.7651039417068862	1.082515398951854	-0.06957466676505406	0.9253326408032163	-0.19238538097705146	0.2603431386021039	-1.8529765949505639	-0.9183584773713943
LINC02015	-0.590258707742726	-0.6535109391543521	-0.6579241963130023	-1.4545910232147858	1.3488217250971186	1.2168740323739884	0.5730595553489417	0.21752955360481802
SPX	-0.3535533905932738	-0.3535533905932738	2.474873734152917	-0.3535533905932738	-0.3535533905932738	-0.3535533905932738	-0.3535533905932738	-0.3535533905932738
LAMB3	-1.0289533706739826	-1.45415553337153	-0.30747876528938006	0.06394195654324125	1.217415161949195	1.4756201226527095	0.20110880531085734	-0.16749837712111726
FYN	1.2370925817399225	1.4279324739938926	-0.48666957744976425	-0.5167110819514398	-0.0924510086242976	0.62922749389985	-0.8692413562833174	-1.3291795253248435
NFKBIZ	0.9219037902393779	1.245473514145268	0.40344288350533813	0.8537818978000628	-0.4024492038367152	-0.43084505701218895	-1.3284296006713596	-1.26287822416978
CA9	1.3224532195270682	1.1826655538398456	0.5734416495541873	0.4589953754817629	-1.0628471994965063	-1.1322297674597213	-0.6811001338890705	-0.6613786975575662
ENO2	0.6969529554120603	0.8297299270758828	0.8988025492209835	0.7478582801773639	-0.1114403333940816	-0.2777596412069361	-0.8953983062204804	-1.8887454310648022
TRPC4	0.5090066375425772	1.3753834106722738	1.1135506273320428	0.5881002286140218	-0.946056199481978	-0.8859771998608992	-1.0272148427569159	-0.7267926620611225
EPB41L3	-1.003179054756467	0.3143696265410486	1.4971100842026488	-0.1076118532566094	-1.7352376260936835	0.6826809561770919	0.4027336270525071	-0.050865759866538345
PTGER4	1.2071352211196835	0.9618901399222465	-0.3628053362768932	-0.04548654434811051	0.5773967713651305	0.4642225482821755	-1.336311290093987	-1.466041509970247
CITED2	0.18502490908858607	0.17964896036621975	0.29108081604934233	1.929680452919641	-0.6454372684977548	-0.22814764698728454	-1.62768969115822	-0.08416053178048793
AKR1B1	-1.5518201953250892	-1.6124085966634556	0.8003825248974604	0.8598780485390574	0.40062493466521043	0.41816508794524554	0.487318492217065	0.19785970372449038
SAA1	-1.028008157137257	-1.6182222413682892	-0.3125665648437638	-0.4436027693162007	0.9722220833609365	1.0783161749094112	0.6113999051320078	0.7404615692631498
CCN1	-0.6440120432908284	-0.9149577813474724	-0.5941342859050963	-0.6815230133301311	1.3919999679012236	1.7180272526891514	-0.09630306292427172	-0.179097033792594
SP8	0.9239542430577175	1.5020829688351254	-0.8498210603207023	0.34200021579630496	0.08487144658234227	0.33715085313258336	-0.8605527335727206	-1.4796859335106503
PFKFB4	-0.722131219914076	-0.5115535479888617	-1.489130678687847	-0.8536699764503691	0.7798393616788664	1.097357811107832	0.9346234976649426	0.7646647525895189
FZD4	1.3117574308301536	1.3655727143840133	0.2522957762255067	0.4164466367755974	-0.3887568118796492	-1.0410206825363775	-0.7274168031411701	-1.188878260658072
CYFIP2	-0.12869953105047632	-0.21294873557601834	-1.0756244633293197	0.05203743663656995	1.2255870389782286	1.695956973532731	-1.0855883564943545	-0.4707203626973598
PDE4A	1.3267073104216365	1.5402875707222479	-0.30014151809954126	0.1030765482274517	-0.6825776135872371	-0.041043030621966854	-0.5231570803097232	-1.4231521867528725
S1PR3	0.06301371018490774	0.1510410711702573	-1.536650043257877	-1.0317300116108203	1.2784676384950697	1.3671236751500624	-0.11796448248580818	-0.17330155764578883
GK	-0.6081493234630007	0.5228401630813205	-0.4713986900633945	-0.32975614201069886	1.3201148780840717	1.5230992882887382	-0.8220639050703262	-1.1346862688467114
ATF3	1.1225123245683175	0.48832877484016357	0.7787179058098592	0.536571410100878	-0.03859083902737922	0.11618285214449076	-1.703142997241131	-1.3005794311952008
ARFGEF3	-0.5230142917620468	-0.3436529786050225	-1.2245784303663128	-0.7438162625390374	1.7753553760797327	0.9305673382569968	-0.44988297838241453	0.5790222273181082
ITGA1	-1.238862199567445	-1.0968748242725244	-0.9180685409342934	-0.31030486038284905	0.8997726292331637	0.6330741041814626	1.1730443925941967	0.8582192991482894
TENM2	-0.49051124122545287	-0.14214135269363043	-1.6574846849642677	-0.6432880272533278	1.5106498589687958	1.0679463850300814	0.39258339709888146	-0.03775433496109274
ZC3H12A	-0.640917548208956	-1.4194561715066913	1.3605208735372512	1.3249144859262925	-0.8178043338448028	-0.3649839879358457	0.350997470909813	0.20672921112293421
LINC01895	2.161611915167507	-0.6167779377849643	-0.6167779377849643	0.4666461335193039	-0.6167779377849643	-0.6167779377849643	0.4556316402380108	-0.6167779377849643
RGS2	0.6140946279883628	0.3283194849060876	1.0324744723262131	0.6116176678079603	-1.6015434305857636	-1.5265976952303901	0.14258260243323764	0.3990522703542788
ADAMTS1	-0.12286595746923412	0.21339658353376312	-0.9125089132125777	0.2842313417544005	1.7603360301493447	0.8249920016041671	-0.7497312540276856	-1.297849832332173
SLC16A6	0.40466304551315013	0.820642365014766	-0.4293816515616789	-0.43535152024123963	1.8248906969806666	-0.016664386459333345	-1.3152098551385074	-0.8535886941078227
PRSS23	-0.03372693534759217	-0.05821456606482468	-0.1258809018767245	0.4593693642965437	-1.4843550459857904	-1.2183503137693037	1.0689165531780798	1.3922418455696162
ITGB3	-0.901191786720433	-0.67058425812948	-0.9525298535566374	-0.9550976409086501	1.2027215286063588	1.4548780679428024	0.5051234195346208	0.31668052323141815
HSD11B1	0.8011849488876084	0.7110843848019444	1.5923058059741804	-0.8844815789273768	-0.8844815789273768	-0.8844815789273768	-0.8844815789273768	0.4333511760457735
PLAC8	1.3462848233094933	1.127467976419368	0.45916187343782544	0.5287763448338807	-0.3990597042038294	-0.7294795253852766	-1.2462986276045294	-1.0868531608069318
F3	0.26313923592286437	0.21291154630329207	-0.2503551441584855	0.05821703493553566	1.0892808571364236	1.3678392099181471	-1.319465593062785	-1.4215671469949924
CP	0.7677443119756489	-0.3475215606739784	-0.3936935374191455	-0.7392629412614212	-0.7667840333286687	-1.1782740788464252	1.1287998819368967	1.5289919576170925
